{
    "Author": "xmtc",
    "Compatibility": "Compatible",
    "DefuserDifficulty": "VeryEasy",
    "Description": "Get a name, decrypt a display, then determine when to press the teardrop based on calculations. Tags: teardrop, blue, white-background, display, encrypted-word, button",
    "ExpertDifficulty": "Medium",
    "ModuleID": "theTeardrop",
    "Name": "The Teardrop",
    "Origin": "Mods",
    "Published": "2023-12-26",
    "SortKey": "TEARDROP",
    "SourceUrl": "https://github.com/7689Awesome/KTANE-The-Teardrop",
    "SteamID": "3123158256",
    "Symbol": "Trdp",
    "Type": "Regular"
  }
  